Word,Frequency
the,180
Java,145
of,115
and,83
to,76
in,72
a,68
is,63
for,59
as,35
with,35
that,35
by,34
The,28
are,25
an,23
on,22
Sun,20
was,19
implementation,17
memory,16
or,16
be,16
has,15
not,15
from,15
run,15
support,14
Android,14
Oracle,14
code,13
its,13
use,12
such,12
but,12
can,11
which,11
language,11
standard,11
it,10
In,10
This,10
machine,10
bytecode,10
other,9
been,9
web,9
virtual,9
software,9
does,9
under,8
APIs,8
It,8
all,8
this,7
implementations,7
SE,7
still,7
their,7
May,7
program,7
some,7
applications,7
were,6
no,6
On,6
most,6
class,6
Garbage,6
released,6
there,6
compiled,6
objects,6
at,6
"Java,",6
type,6
versions,6
"classes,",6
different,6
have,6
garbage,6
written,6
platform,6
runtime,6
developers,5
through,5
programs,5
into,5
As,5
system,5
"However,",5
servlet,5
Sun's,5
instead,5
style,5
had,5
JavaFX,5
API,5
used,5
Javadoc,5
two,5
types,5
available,5
any,5
data,5
Java's,5
intended,5
multiple,5
object,5
SDK,5
container,5
typically,5
more,5
"11,",4
free,4
contains,4
court,4
object-oriented,4
code.,4
syntax,4
own,4
also,4
comments,4
performance,4
almost,4
called,4
OpenJDK,4
provides,4
uses,4
"8,",4
than,4
development,4
hardware,4
January,4
features,4
Microsystems,4
longer,4
If,4
Court,4
look,4
reference,4
programming,4
library,4
Microsoft,4
application,4
native,4
may,4
popular,4
using,4
after,4
when,4
1.0,3
handling,3
"*/,",3
improved,3
addition,3
management,3
technology,3
these,3
access,3
platforms.,3
problem,3
desktop,3
Java.,3
methods,3
new,3
if,3
public,3
compiler,3
introduced,3
time,3
programmers,3
Collector,3
built,3
"SE,",3
C++,3
possible,3
renamed,3
those,3
long-term,3
requests,3
Community,3
HTML,3
HTTP,3
Swing,3
builds,3
Appeals,3
feel,3
"Windows,",3
although,3
Gosling,3
James,3
designed,3
JVM,3
platforms,3
without,3
supported,3
each,3
security,3
did,3
will,3
JDK,3
environments,3
(such,3
"2016,",3
either,3
ruling,3
"C++,",3
Google,3
similar,3
include,3
core,3
technologies,3
server-side,3
user,3
create,3
documentation,3
allow,3
version,3
one,3
default,3
official,3
HotSpot,3
classes,3
made,3
release,3
exceptions.,2
supports,2
devices,2
runs,2
browser,2
Environment,2
"code,",2
9,2
means,2
based,2
goal,2
design,2
separate,2
April,2
One,2
ME,2
fair,2
inside,2
superseded,2
commonly,2
prevent,2
due,2
during,2
directly,2
operating,2
they,2
offer,2
organized,2
provide,2
2019,2
8,2
way,2
(JRE),2
LTS,2
overhead,2
There,2
interpreted,2
instructions,2
releasing,2
(LTS),2
Runtime,2
creating,2
compilers,2
many,2
primary,2
dispute,2
allows,2
introduction,2
delimiters,2
"Linux,",2
well,2
GUI,2
6,2
considered,2
macOS.,2
Sun.,2
"2012,",2
interface,2
graphical,2
clients.,2
added,2
responses,2
generate,2
components,2
San,2
EE,2
business,2
Web,2
pages,2
Oracle's,2
"applications,",2
generics,2
part,2
"machine,",2
"library,",2
license,2
compatible.,2
order,2
implementation.,2
"7,",2
source,2
GPL.,2
required,2
"platform,",2
process,2
led,2
variable,2
"compiler,",2
another,2
"occurring,",2
prevented,2
compile-time,2
system.,2
class.,2
created,2
"Android,",2
specific,2
ruled,2
example,2
/**,2
exception,2
where,2
i.e.,2
collection,2
"object,",2
deallocate,2
stack,2
allocated,2
"languages,",2
having,2
burden,2
pointer,2
commenting,2
stored,2
occur,2
leak,2
collector.,2
programmer,2
manage,2
collector,2
automatic,2
though,2
could,2
referenced,2
States,2
addresses,2
legal,2
closed,2
/*,2
opened,2
line,2
inheritance,2
floating-point,2
Unlike,2
United,2
presence,2
database,2
like,2
prior,2
For,2
Eclipse,2
third-party,2
Shenandoah,2
reasons.,2
(but,2
"heap,",2
(for,2
primitive,2
largely,2
use.,2
(JVM),2
mobile,2
dynamic,2
server,2
November,2
Major,2
GPL-2.0-only,2
license.,2
browsers,2
soon,2
"2010,",2
anywhere,2
terms,2
since,2
"once,",2
applets,2
write,2
within,2
shortly,2
initially,2
popularity,2
optimized,2
Although,2
open-source,2
applications.,2
Microsystems.,2
Ecma,2
underlying,2
first,2
de,2
platform.,2
original,2
facto,2
would,2
"1997,",2
controlled,2
libraries,2
proprietary,2
"EE,",2
"time,",2
generated,2
"2006,",2
"2007,",2
Green,2
"pages,",2
standards,2
21,2
project,2
Linux,2
With,2
"17,",2
itself,2
acquisition,2
current,2
March,2
J2SE,2
"speed,[53]",1
replace,1
verbosity,1
(GUI),1
"lacking,",1
11,1
module.[67],1
computers,1
decline,1
gradual,1
"generics,[70]",1
drawing,1
Persistence,1
OS,1
feels.[68],1
"2004,",1
"popular,",1
widely,1
directed,1
"language,",1
popularity.[22],1
devices.,1
widget,1
unsigned,1
wide,1
routines,1
platforms.[66],1
criticized,1
years,1
delivering,1
Developers,1
recent,1
HotSpot.[73],1
VM,1
vulnerabilities,1
languages,1
history,1
"arithmetic,[72]",1
rich,1
complexity,1
across,1
Criticisms,1
gaining,1
"numbers,[71]",1
variety,1
issuing,1
exception.[69],1
construct,1
"Object,",1
then.[20],1
gained,1
contained,1
instance,1
assignment,1
Generics,1
"release,",1
checking,1
containing,1
identical,1
5.0.,1
enabling,1
efficient,1
unsound,1
proven,1
safe.,1
certain,1
exceptions,1
(ClassCastExceptions),1
errors,1
errors.,1
unrelated,1
Such,1
accepted,1
languages.,1
Prior,1
"generics,",1
GitHub.[21],1
cast,1
according,1
declaration,1
2022[update],1
type.,1
third,1
"example,",1
because,1
easy,1
accepts,1
only,1
objects.,1
Either,1
fails,1
operates,1
subtypes,1
"interface,",1
feels,1
usually,1
steward,1
looks,1
Machine.,1
writes,1
message,1
distributions.,1
output:,1
embedded,1
mainly,1
displayed,1
browsers.,1
applet,1
"JVM,",1
deprecated,1
2017.[63][64],1
Virtual,1
"""Hello,",1
"simple,",1
consistent,1
mechanism,1
extending,1
functionality,1
accessing,1
existing,1
offers,1
systems.,1
Servlets,1
bought,1
"Oracle,",1
"World!""",1
24,1
Where,1
Naughton,1
1991.[23],1
interfaces.[62],1
June,1
C++.,1
three,1
styles,1
comments:,1
single,1
marked,1
slashes,1
"(//),",1
initiated,1
Patrick,1
simple,1
"Sheridan,",1
Mike,1
"Gosling,",1
maintenance.,1
*/.,1
executable,1
2025[update].,1
read,1
integrated,1
(IDEs),1
IDE.,1
following,1
relicensed,1
"Process,",1
Most,1
"machines,",1
<%,1
%>.,1
A,1
JSP,1
"servlet,",1
"right,",1
accessed.,1
After,1
"that,",1
creates,1
response.[65],1
licenses.,1
"compilers,",1
generating,1
specify,1
EE.,1
pluggable,1
Swing.,1
Clones,1
component,1
"GTK+,",1
Motif,1
supplied,1
1995,1
Apple,1
Aqua,1
special,1
page,1
embed,1
JSPs,1
specifications,1
response,1
compliance,1
"requests,",1
number,1
"available,",1
WebSocket,1
communication.,1
extent,1
hood),1
services:,1
Typical,1
Application,1
Servers,1
Servlet,1
Containers,1
interactions,1
delegate,1
service,1
actual,1
logic.,1
JavaServer,1
Pages,1
(JSP),1
"responses,",1
"(JPA),",1
reduce,1
traditional,1
low-memory,1
tablet,1
computers.,1
Depending,1
"version,",1
Dalvik,1
Runtime.,1
full,1
independent,1
large,1
subset,1
it.,1
7,1
"features,",1
offering,1
compatible,1
(Apache,1
Harmony).,1
Java-related,1
between,1
Google.,1
meaning,1
"(WORA),[18]",1
Francisco,1
jury,1
found,1
"copyrighted,",1
then,1
smartphones,1
incompatible,1
copyrights,1
standards.[86],1
ships,1
Windows.,1
Platform-independent,1
essential,1
even,1
rigorous,1
validation,1
certify,1
environment,1
enables,1
portable,1
requires,1
executed.,1
supplies,1
alternative,1
primarily,1
developing,1
recompile.[19],1
key,1
pillar,1
need,1
open,1
"kernel,",1
"C,",1
basis,1
"GUI,",1
established,1
infringed,1
devices.[87],1
increased,1
case,1
damages,1
federal,1
Francisco.[91],1
filed,1
petition,1
writ,1
certiorari,1
Supreme,1
challenge,1
rulings,1
favor.[92],1
"5,",1
"2021,",1
6–2,1
Google's,1
"favor,",1
should,1
refused,1
rule,1
copyrightability,1
"APIs,",1
choosing,1
determine,1
considering,1
copyrightable,1
"""purely",1
argument's,1
determining,1
down,1
District,1
sent,1
Judge,1
William,1
Alsup,1
"31,",1
cannot,1
"copyrighted,[88]",1
reversed,1
let,1
language.,1
"memory-safe,",1
Federal,1
Circuit,1
2014.[89],1
"26,",1
district,1
decided,1
favor,1
"Google,",1
"general-purpose,",1
copyright,1
infringement,1
constitutes,1
"high-level,",1
use.[90],1
"2018,",1
overturned,1
"Court,",1
"result,",1
Sun.[85],1
enforcing,1
individuals,1
reflection,1
influence,1
APIs.,1
subject,1
controversy,1
2010s.[76],1
as:,1
comprehensive,1
"system,",1
documenting,1
extra,1
asterisk,1
"beginning,",1
whereas,1
normal,1
multi-line,1
delimited,1
single-line,1
start,1
//.[84],1
Corporation,1
owns,1
capabilities,1
"27,",1
2010.,1
"macOS,",1
Solaris.,1
participating,1
Companies,1
regardless,1
program.[75],1
adoption,1
higher-level,1
abstractions,1
Spring,1
Data,1
"JPA,",1
aims,1
simplify,1
operations,1
operator,1
boilerplate,1
growing,1
frameworks,1
suggests,1
limitations,1
JPA,1
implementation's,1
ease-of-use,1
modern,1
development.[74],1
Class,1
Library,1
modification),1
developed,1
cooperation,1
others,1
Process,1
Because,1
lacks,1
formal,1
standardization,1
make,1
C,1
"Historically,",1
trademark,1
architecture.,1
usage,1
brand,1
insists,1
resulted,1
computer,1
claimed,1
remote,1
method,1
invocation,1
(RMI),1
Native,1
Interface,1
(JNI),1
platform-specific,1
own.,1
sued,1
"and,",1
"2001,",1
won,1
settlement,1
US$20,1
"million,",1
fewer,1
low-level,1
facilities,1
Kit,1
recognized,1
"International,",1
"ISO/IEC,",1
"ANSI,",1
"organizations,",1
standard.,1
packaged,1
distributions:,1
parts,1
end,1
"users,",1
Development,1
"(JDK),",1
began,1
includes,1
tools,1
"Javadoc,",1
"Jar,",1
debugger.,1
"GraalVM,",1
high,1
interpreter.,1
licensed,1
GNU,1
them.,1
started,1
overloading[61],1
language.[19],1
method).,1
ISO/IEC,1
architecture-specific,1
respectively.,1
analogous,1
"ME,",1
executed,1
(VM),1
specifically,1
host,1
hardware.,1
End-users,1
J2,1
"purposes,",1
marketing,1
installed,1
device,1
standalone,1
J2SE.,1
applets.,1
Standard,1
generic,1
host-specific,1
featured,1
"graphics,",1
"threading,",1
networking.,1
universal,1
makes,1
approached,1
"bytecode,",1
printf,1
representation,1
subpackages,1
"standard,",1
provided,1
edition,1
Personal,1
"later,",1
standards-based,1
remains,1
configuration-profile,1
pairings.,1
process.[29][30][31],1
withdrew,1
formalize,1
"portability,",1
International,1
later,1
body,1
must,1
similarly,1
combination,1
1,1
adequate,1
JTC,1
support.,1
achieved,1
compiling,1
intermediate,1
porting,1
simple.,1
J2ME,1
interpreting,1
"(JVM),",1
translates,1
platform's,1
language.[52],1
Programs,1
–,1
reputation,1
being,1
slower,1
requiring,1
1998,1
December,1
C++.[53][54],1
programs',1
execution,1
speed,1
1.2,1
significantly,1
just-in-time,1
compilation,1
1997/1998,1
"1.1,[55]",1
(released,1
supporting,1
better,1
analysis,1
inner,1
particular,1
adapted,1
platform-independent,1
early,1
while,1
always,1
"environments,",1
slowly,1
executables.,1
Just-in-time,1
(JIT),1
enterprise,1
compile,1
byte-codes,1
included,1
J2EE,1
stage.,1
compilation.[51],1
configurations,1
Hotspot,1
actually,1
"1999),",1
one;,1
GraalVM,1
(included,1
e.g.,1
removed,1
16),1
allowing,1
tiered,1
"interfaces,",1
related,1
set,1
"process,",1
portion,1
plugin.[37],1
small,1
aside,1
laptops,1
"terms,",1
"centers,",1
game,1
consoles,1
scientific,1
supercomputers.[38],1
(and,1
others),1
highly,1
recommend,1
uninstalling,1
outdated,1
unsupported,1
distribution,1
unresolved,1
software/open-source,1
issues,1
older,1
versions.[39],1
JVM's,1
five,1
making,1
discontinue,1
hold,1
copyright.[33],1
Following,1
relentless,1
commitment,1
fostering,1
community,1
participation,1
transparency.[35],1
described,1
"2009–10,",1
filing,1
lawsuit,1
against,1
Corporation's,1
evangelist.[34],1
vice-president,1
(see,1
section).,1
regard,1
"2,",1
resigned,1
Oracle.[36],1
role,1
ideal,1
announced,1
run-time,1
said,1
Rich,1
goals,1
language:[19],1
Process.[32],1
"2024[update],",1
These,1
specialized,1
licenses,1
additional,1
patches,1
bug,1
fixes.[41],1
selling,1
along,1
dates:,1
defined,1
revenue,1
four,1
editions,1
targeting,1
segmented,1
so,1
status.,1
belong,1
are:,1
despite,1
"charge,",1
At,1
groups,1
packages.,1
Each,1
package,1
versions.,1
OpenJDK's,1
products,1
update,1
finished,1
"versions,",1
"25,",1
"(FOSS),",1
September,1
"2025,",1
next,1
scheduled,1
much,1
version.[40],1
last,1
zero-cost,1
legacy,1
Enterprise,1
"13,",1
commercial,1
"use,",1
System.,1
otherwise,1
updates,1
personal,1
indefinitely.,1
Other,1
vendors,1
Adoptium,1
continue,1
StringBuilder,1
"class,",1
optional,1
tree,1
name,1
relocate,1
ensures,1
safety,1
security.,1
went,1
variables,1
Later,1
fields,1
office.,1
objects),1
methods),1
rather,1
Gosling's,1
true,1
non-primitive,1
outside,1
see,1
escape,1
analysis).,1
conscious,1
decision,1
designers,1
stood,1
collectors.,1
Since,1
"9,",1
offset).,1
subtracting,1
adding,1
allocate,1
find,1
C/C++-style,1
never,1
used.[57],1
happen,1
time.,1
"Ideally,",1
idle.,1
guaranteed,1
triggered,1
insufficient,1
heap,1
object;,1
(e.g.,1
Indonesia.[25],1
cause,1
stall,1
momentarily.,1
Explicit,1
coffee,1
"coffee,",1
C/C++,1
finally,1
"arithmetic,",1
arithmetically,1
manipulated,1
First,1
(G1GC),1
logical,1
default.[60],1
file,1
"handles,",1
"etc.,",1
especially,1
too,1
"television,",1
influenced,1
C.,1
interactive,1
combines,1
"structured,",1
"generic,",1
"programming,",1
exclusively,1
All,1
every,1
item,1
"types,",1
(i.e.,1
"integers,",1
originally,1
"numbers,",1
boolean,1
"values,",1
"characters),",1
reuses,1
aspects,1
"connections,",1
advanced,1
network,1
Temurin.,1
several,1
collectors,1
Z,1
(ZGC),1
oak,1
"GC,",1
12,1
unavailable,1
Oracle-produced,1
builds.,1
Oak,1
"OpenJDK,",1
time.[24],1
digital,1
G1GC,1
sufficient.,1
industry,1
Parallel,1
Having,1
solved,1
television,1
relieve,1
cable,1
properly,1
kinds,1
"resources,",1
"leaks,",1
familiar.[26],1
"assertions,",1
holds,1
dropped,1
ARM.,1
comply,1
Hoff,1
van,1
Arthur,1
re-written,1
popular.,1
lifecycle.,1
became,1
determines,1
quickly,1
"created,",1
responsible,1
recovering,1
once,1
ability,1
Once,1
references,1
"remain,",1
unreachable,1
becomes,1
eligible,1
freed,1
automatically,1
incorporated,1
Something,1
mostly,1
strictly,1
"option,",1
multi-core,1
"etc.),",1
optimizations,1
2,1
becoming,1
2000.,1
"1.5,",1
advent,1
java.util.concurrent,1
"package,",1
including,1
lock-free,1
ConcurrentMaps,1
"collections,",1
Jazelle,1
further,1
1.6.,1
Some,1
direct,1
Java;,1
micro,1
controllers,1
"machine,[56]",1
ARM-based,1
processors,1
specification.[28],1
executing,1
programmer's,1
"needed,",1
complexity.,1
needed,1
"case,",1
responsibility,1
managing,1
resides,1
programmer.,1
providing,1
"functionality,",1
(WORA),1
promised,1
occurs.[57],1
attempts,1
already,1
"deallocated,",1
result,1
undefined,1
difficult,1
"predict,",1
likely,1
become,1
unstable,1
crash.,1
partially,1
remedied,1
smart,1
"pointers,",1
1996.[27],1
add,1
latter,1
heap.,1
deallocated,1
behind,1
restrictions.,1
containers,1
use.[57],1
file-access,1
network-,1
non-existent,1
"called,",1
null,1
allowed,1
"security,",1
thrown.[58][59],1
ideas,1
configurable,1
explicitly,1
model,1
spared,1
featuring,1
secure,1
perform,1
manual,1
management.,1
Fairly,1
creation,1
implicitly,1
run-times,1
no-cost,1
"sake.""[93]",1
